order_id,email
BC022,carole_hughlett@hughlett.com
AB265,lfrisinger@cox.net
AB337,marleen_hennon@aol.com
BC039,darell_mcalarney@mcalarney.com
AB302,janae_mair@cox.net
AB194,spead@cox.net
BC179,dion_lamastus@lamastus.com
BC001,kloud@gmail.com
AB191,carol@gmail.com
AB172,dahlia_benett@aol.com
BC132,valene@madson.org
BC145,anjelica@lovero.org
AB257,avery.masso@hotmail.com
AB186,margurite.brake@yahoo.com
BC134,kdrizin@aol.com
BC184,rwetherby@wetherby.org
AB287,lavina.michelet@michelet.org
BC029,salina.knavel@gmail.com
BC005,paola_vielma@aol.com
BC202,dmakley@yahoo.com
AB104,hui_portaro@cox.net
BC060,cscotts@aol.com
AB109,crissy@aol.com
BC101,tayna_keirnan@gmail.com
BC032,agustin.lakatos@hotmail.com
BC016,dell_polino@polino.com
BC127,bdewer@gmail.com
BC204,alison_mahlum@hotmail.com
AB301,brice_rowe@aol.com
AB102,lourdes_bauswell@aol.com
BC045,lazaro@gmail.com
BC047,nadine_swartzbeck@swartzbeck.org
BC190,wenona.braseth@braseth.org
AB350,ddobler@dobler.com
BC077,shawnee@yahoo.com
BC130,yvette.capiga@yahoo.com
BC104,long.shintaku@shintaku.org
BC214,coral.brennick@brennick.com
BC228,dmathiasen@hotmail.com
AB105,lsteinhaus@cox.net
BC219,angelyn_wieand@wieand.com
BC238,kris_bala@gmail.com
AB316,latonia@helander.com
BC207,sabine@gmail.com
BC210,vbillow@billow.com
AB151,glennis.roseum@gmail.com
AB304,shelton.spannuth@yahoo.com
AB251,ckana@kana.com
AB254,yong_yestramski@aol.com
AB263,shay.knieper@gmail.com
BC215,jesse@wida.com
AB207,miriam.stakes@yahoo.com
AB246,oadessa@cox.net
BC211,tayna_sine@sine.com
AB321,adela.echegoyen@echegoyen.org
AB236,abeliles@gmail.com
BC091,blythe_czaplinski@czaplinski.com
AB264,cdoscher@doscher.org
BC170,ccloutier@hotmail.com
AB320,claudio_hummell@hotmail.com
BC231,desirae.oien@hotmail.com
AB170,elvis_tenuta@tenuta.org
BC088,gearldine_haberle@hotmail.com
BC009,gianna@aol.com
AB300,hana.meisel@yahoo.com
BC237,joaquin_geitner@cox.net
AB286,kenia_sharples@hotmail.com
AB235,leila_titzer@aol.com
AB295,leonardo@aol.com
BC227,marshall_fitgerald@cox.net
AB156,marya@cox.net
AB261,oramerez@yahoo.com
BC018,renato_airhart@hotmail.com
BC233,rene@cox.net
AB293,sfinstad@aol.com
AB230,bethanie_cutsforth@cutsforth.org
BC164,frank@yahoo.com
AB132,lang@cox.net
BC200,noel@cox.net
BC085,willie@aol.com
BC186,jacquline@cox.net
AB245,tenesha.stropko@aol.com
AB135,rashad.menino@menino.com
AB140,madonna.landman@landman.com
BC110,franchesca_lamme@yahoo.com
AB189,azalee.aja@cox.net
AB289,hyun_zarazua@cox.net
BC175,king@cox.net
AB157,mabel_fower@fower.com
BC050,sprothro@prothro.com
AB143,wayne@aol.com
AB288,aron_leuthold@leuthold.com
BC131,lakeesha_beachel@aol.com
AB214,lynsey.sport@aol.com
AB223,devon@hotmail.com
BC071,margo@rand.org
BC076,pearline.provenzano@provenzano.org
AB238,brendan_kasperek@yahoo.com
BC245,mconger@aol.com
BC163,ruby@sensibaugh.com
AB220,othigpen@thigpen.com
BC068,armanda.mcduffie@hotmail.com
AB292,lawanda.jacocks@gmail.com
AB154,dianne@yahoo.com
BC125,eyandow@cox.net
AB334,trevor.harnist@hotmail.com
BC090,macy@hotmail.com
AB229,slaramie@laramie.org
AB343,oambert@gmail.com
AB309,sblan@blan.com
BC004,josefa.opitz@opitz.org
BC138,kevartt@evartt.com
AB147,florinda_mackedanz@mackedanz.org
BC136,adosal@hotmail.com
AB262,melvin.rather@aol.com
BC062,jemanuel@emanuel.com
BC089,kimbery.plikerd@cox.net
AB211,lorriane.naddeo@naddeo.org
BC155,annamaria.vanhuss@cox.net
BC209,cletus_stapels@cox.net
BC171,ellen.fajen@aol.com
BC150,glendora.pezley@cox.net
BC007,huey.marcille@gmail.com
AB325,jmagathan@magathan.org
AB328,khasha@hotmail.com
AB278,lashaun.casteneda@casteneda.com
BC199,nydia.ancar@ancar.com
BC161,tcrocker@cox.net
AB332,delsie.cerao@cerao.org
AB232,ailene@yahoo.com
BC178,miesha@aol.com
BC048,akrivanec@hotmail.com
BC194,allene@yahoo.com
BC008,chandra.lagos@lagos.org
AB121,iesha@gmail.com
BC180,jin_perry@gmail.com
BC133,jhatherly@hatherly.org
AB279,marva@gmail.com
BC225,ooliverson@cox.net
BC141,smasiejczyk@cox.net
AB192,tanesha_tesseneer@hotmail.com
AB205,vmeir@meir.com
BC189,shala_ogle@ogle.org
AB258,hpenso@cox.net
AB108,apolonia@gmail.com
AB308,dolores@yahoo.com
BC196,florinda_haycock@cox.net
BC156,marion_letran@cox.net
BC118,terrilyn_waska@hotmail.com
BC121,tdaneker@daneker.com
BC083,titus.dugre@dugre.org
AB215,cnicks@nicks.org
AB306,veddens@eddens.org
BC041,yan@cox.net
AB252,paola.perkins@aol.com
AB212,georgiann_hoerter@hoerter.com
AB217,ebakeley@bakeley.com
AB181,lashanda.skahan@aol.com
AB197,cortney.choice@choice.com
BC139,cherelle@hotmail.com
AB168,gjefferys@aol.com
BC097,ira.betterton@yahoo.com
BC193,kkaper@aol.com
BC056,ronnie_kettelle@aol.com
BC183,shelba.kast@yahoo.com
BC151,adria_gilliam@cox.net
BC012,elise@gmail.com
AB209,fcaneles@caneles.com
BC115,gmarrano@gmail.com
AB248,polly.sandusky@cox.net
BC059,reyes@mesmer.org
BC230,tcastillanos@castillanos.com
BC080,carla@aol.com
BC116,jerilyn@hotmail.com
AB226,meghann@cox.net
AB144,fstadel@gmail.com
AB311,yesenia@cox.net
AB242,kimi@cox.net
BC114,phil_kuechler@gmail.com
AB180,ria.steinhorst@steinhorst.com
AB153,vvandeberg@gmail.com
BC066,karrie_kinikini@kinikini.org
AB243,lelia.thiemann@yahoo.com
BC064,thersa.davirro@aol.com
AB152,rosalind.persechino@aol.com
AB142,stephanie.garlett@gmail.com
BC198,alita_borlace@yahoo.com
BC246,doretha@yahoo.com
AB173,hollis.keomuangtai@cox.net
AB327,vanda_tentler@tentler.org
AB273,rosalyn.mcspedon@mcspedon.org
BC160,shanice.pennel@pennel.org
AB137,xenia@aol.com
AB221,antonette_stimac@stimac.org
BC025,jmastro@aol.com
BC095,natalya_verso@yahoo.com
BC239,lavelle.lillywhite@hotmail.com
BC102,glenn.robinault@cox.net
AB291,mgallati@gmail.com
AB148,arlette_torchio@hotmail.com
AB141,gepperheimer@aol.com
BC157,trinidad@yahoo.com
BC146,monte@cox.net
AB114,tish.violett@violett.com
BC038,psugai@gmail.com
AB111,wlablanc@yahoo.com
BC243,ranee_maye@maye.com
BC195,nakisha_russi@russi.com
AB315,phyliss_huelse@aol.com
AB103,tom.loeza@gmail.com
BC031,eura@mcglocklin.org
AB336,shad_reider@aol.com
AB296,srolling@rolling.org
BC240,bette.digiovanni@digiovanni.org
AB345,effie_frymark@gmail.com
AB131,ftutterrow@tutterrow.org
BC112,hershel_bultron@bultron.org
AB112,laurena.begin@begin.com
BC213,nan@weekly.com
BC248,erin@cox.net
BC119,melynda@hotmail.com
BC181,irene.benauides@gmail.com
AB160,avery.demus@aol.com
AB122,paulene_rhule@rhule.org
AB270,tawanna_kuamoo@gmail.com
BC224,willetta_cesa@gmail.com
BC049,rlehn@yahoo.com
AB277,rosann_heinricher@heinricher.com
AB169,vonda@yahoo.com
AB125,lhua@aol.com
AB136,callie.neikirk@neikirk.org
AB284,dorcas_diebold@diebold.com
AB244,dorothy.aitken@cox.net
AB126,jhailstone@yahoo.com
BC223,jules@cox.net
BC123,lon.tibbles@cox.net
BC167,romana_riesgraf@hotmail.com
BC191,myra_palenik@palenik.com
BC242,cmomplaisir@yahoo.com
AB276,denny_zeanah@zeanah.com
BC117,harris@cox.net
BC206,luann@cox.net
AB219,maddie@hotmail.com
BC034,mammie@cox.net
AB335,ricki.traux@traux.com
AB313,rikki@montalgo.com
BC120,steffanie.meinen@cox.net
BC055,tesha@aol.com
BC158,val_bigaud@aol.com
AB312,verona_jobst@jobst.org
BC135,marquetta_quinlisk@aol.com
AB167,mozelle_hermon@cox.net
AB349,kassandra@gmail.com
AB182,leoma.rabago@hotmail.com
AB274,lhubbell@yahoo.com
BC027,tammy_sams@sams.com
AB146,erieg@hotmail.com
BC169,jdeppen@cox.net
BC226,kdishong@gmail.com
AB190,rkratt@yahoo.com
AB106,hbresser@aol.com
BC046,brinda.mrkvicka@gmail.com
AB198,vanna_pickle@aol.com
BC109,rutha@eisert.com
BC094,candra@hotmail.com
BC081,jcatalina@aol.com
BC015,lyla_fucillo@cox.net
AB134,argelia.hofbauer@cox.net
BC203,giovanna@cox.net
BC011,lauryn@yahoo.com
BC108,nickie.balonek@balonek.com
BC241,swestervelt@westervelt.org
BC107,vallie@yahoo.com
AB318,aklukken@klukken.com
BC100,blossom_kraatz@kraatz.org
BC152,elina.maury@hotmail.com
BC006,leanna@cox.net
AB259,renay.oviedo@oviedo.com
AB187,shaniqua@yahoo.com
AB283,shannan@cox.net
AB196,srigazio@rigazio.org
BC229,wilson_nickelson@aol.com
BC103,ashton@cox.net
BC174,azzie.tuazon@hotmail.com
AB282,cpesqueira@hotmail.com
BC208,hsuero@yahoo.com
AB183,jimmie.snelling@gmail.com
BC128,precious.dubray@dubray.com
AB218,leonor.beilinson@hotmail.com
AB201,loreen_griepentrog@aol.com
AB228,ocie.chreene@aol.com
BC168,sarredondo@arredondo.com
BC074,yolande_staiano@gmail.com
AB227,chandra@gmail.com
AB161,awrinkle@wrinkle.org
BC216,aimee_clozza@clozza.org
AB249,celestine_pritt@cox.net
AB116,felton.yafuso@gmail.com
BC166,providencia.marien@marien.com
BC099,rodney_lockamy@aol.com
BC052,shenika.tapian@aol.com
AB145,freeman@yahoo.com
AB110,vbilla@yahoo.com
BC148,jboerboom@boerboom.com
BC043,kristal@hotmail.com
BC247,amie@yahoo.com
AB234,johnathon_wadden@hotmail.com
AB120,matthew_armacost@gmail.com
AB199,nathalie_corners@corners.org
AB202,nplanty@gmail.com
BC069,truman.mondale@aol.com
AB204,shaun_scovil@aol.com
AB174,bfears@fears.org
AB113,corrie_kardell@aol.com
BC075,jose.kylish@aol.com
AB188,silva.riviere@riviere.org
BC087,william@gmail.com
BC149,mfode@yahoo.com
BC250,antonio.unruh@hotmail.com
AB195,von@aol.com
BC126,lmattia@yahoo.com
BC079,ftryninewski@gmail.com
AB298,louvenia_abney@hotmail.com
AB269,doyle.hathcox@aol.com
AB179,aareizaga@hotmail.com
BC078,basilia.vinroe@gmail.com
AB129,boris.latif@latif.com
AB139,llafoy@aol.com
BC249,leslee_matsuno@matsuno.org
AB225,michal_gunyan@gunyan.com
AB177,robt_hankison@cox.net
AB338,slyvia.stockham@aol.com
BC020,bnelton@gmail.com
AB107,danilo_pride@hotmail.com
BC201,nguyet_kitchens@yahoo.com
BC142,chun_richrdson@richrdson.org
AB124,edelmira@hotmail.com
BC021,francesco@hotmail.com
AB158,joye@cox.net
AB331,lorean@yahoo.com
AB342,matt@gmail.com
AB123,mdunning@gmail.com
AB216,rosendo@hotmail.com
BC221,rphibbs@gmail.com
BC111,aberson@aol.com
BC122,idills@cox.net
AB285,amber.windell@cox.net
BC172,tbonventre@aol.com
AB118,vicki@gmail.com
AB272,tequila_pelletier@cox.net
AB176,tuyet.abramovitz@abramovitz.com
AB240,percy_neelon@cox.net
BC010,idudash@dudash.com
BC086,arlen.romack@yahoo.com
AB203,jracer@cox.net
AB330,malissa@talty.org
BC234,sharmaine_batdorf@batdorf.com
AB253,edorio@cox.net
AB237,karina_cortesi@hotmail.com
BC024,jaime_wasurick@hotmail.com
BC218,davida_zeng@yahoo.com
AB149,gcolbath@hotmail.com
AB322,edmond_buettner@buettner.org
AB164,eric@cox.net
BC165,sfrere@yahoo.com
BC019,barney@yahoo.com
AB324,dmiklitz@yahoo.com
BC067,mhair@cox.net
AB162,brunilda_coin@aol.com
AB150,chi@gmail.com
AB128,willis@yahoo.com
AB310,asha_zoldak@hotmail.com
AB341,lajuana_mccloud@hotmail.com
BC017,tlembke@lembke.org
AB271,nkotz@kotz.org
AB268,nobuko.logwood@cox.net
AB193,broderick_lorenz@hotmail.com
AB206,corazon@ivaska.org
BC192,ckohlman@hotmail.com
BC044,darrin@tumolillo.com
BC070,loise@aol.com
AB127,emmett_mcshaw@cox.net
AB303,genevieve.milionis@hotmail.com
AB299,noemi_ill@ill.com
AB117,nohemi@aol.com
AB290,shasta_canonico@aol.com
AB231,ablackmon@gmail.com
BC124,fvilven@vilven.org
BC220,ktwyman@gmail.com
BC105,lucia@aol.com
AB159,stacey_lortz@aol.com
BC051,thea@hotmail.com
BC188,atartar@cox.net
BC143,cordell_zinda@cox.net
AB281,demetra_peth@aol.com
BC154,lstalma@stalma.org
BC137,oluong@gmail.com
BC042,alberto_stenquist@stenquist.org
AB184,joanne@yahoo.com
BC028,mbrzozowski@aol.com
BC236,kenneth.degennaro@aol.com
BC092,yaeko_orndoff@orndoff.org
BC217,ilda_schuring@schuring.com
BC033,carman@gmail.com
BC040,chuck@gmail.com
BC054,micah@cox.net
AB200,ehairr@hotmail.com
BC026,louis@zarling.com
BC147,toshia_lippoldt@aol.com
AB166,dmcloud@cox.net
AB317,marcelle_staie@aol.com
AB115,andree.christmann@cox.net
AB348,bulah.berkoff@cox.net
BC073,carry@cox.net
BC235,bernadine_shufelt@shufelt.org
AB256,dorothea_lowther@yahoo.com
BC176,afrayer@frayer.com
AB340,bev.dermo@dermo.com
BC187,bkazar@hotmail.com
AB185,denny@amazan.com
AB346,esteban@cox.net
AB222,nmassanet@yahoo.com
AB314,sdespain@hotmail.com
BC185,stefanie_prinkey@prinkey.org
BC084,suzi.groom@groom.org
BC003,queenie.kramarczyk@kramarczyk.org
BC063,voppy@gmail.com
AB326,svitrano@hotmail.com
AB247,pamela.mccoskey@gmail.com
AB260,toi_rollison@rollison.com
BC037,anitcher@aol.com
BC159,buck_kotow@aol.com
BC222,catina@gmail.com
BC129,gaynell@hotmail.com
BC173,noble_miyata@gmail.com
BC036,coral.helmcamp@helmcamp.org
AB233,fbub@bub.com
BC053,herschel@geneseo.com
BC061,isifford@sifford.org
AB307,mable_goerke@cox.net
AB163,makeda.nosis@yahoo.com
BC205,timothy@bussert.com
AB266,gretchen.mckeon@gmail.com
AB339,gussie_diflorio@cox.net
AB255,troy_dicus@yahoo.com
BC182,william.cilento@gmail.com
AB213,chu@aol.com
AB275,darci@cox.net
BC072,dominga_mckeon@yahoo.com
BC065,lmetzner@metzner.org
AB224,tennie@aol.com
AB347,dorsey_neitzke@hotmail.com
BC177,jeannine_rippy@rippy.com
AB175,lottie_hegdahl@aol.com
AB280,hassie_sarkin@aol.com
AB208,sheldon@isachsen.org
BC113,bettina@hotmail.com
AB210,bgeigel@gmail.com
BC002,hannah@yahoo.com
BC035,janna@bastain.com
AB171,jpedder@pedder.com
AB155,kaycee.alaibilla@yahoo.com
BC058,lharnish@harnish.com
AB305,mzufall@gmail.com
AB165,mpresnal@yahoo.com
BC144,chauncey.mcelreath@yahoo.com
AB178,lacresha@hotmail.com
BC106,jaime_perugini@perugini.com
BC023,elfrieda_hinsch@hinsch.org
AB130,justa.dini@hotmail.com
AB119,lenita@yahoo.com
BC082,ygreeves@cox.net
BC244,apeckens@peckens.org
AB319,beata_rubarts@aol.com
AB344,ming_eskew@eskew.com
BC093,tshadle@shadle.com
AB294,opospishil@aol.com
BC162,essie_fitzke@fitzke.org
AB267,larnoldi@arnoldi.com
AB138,hwehrwein@gmail.com
AB323,milly@hotmail.com
BC030,amalia_wolfgang@wolfgang.org
AB101,francoise.rautenstrauch@rautenstrauch.com
BC013,kimberely.rabuse@cox.net
BC197,malcom.vereen@yahoo.com
AB250,shoshana@courter.org
AB329,susana_mccarley@gmail.com
BC098,bo_sabota@sabota.com
BC212,denae_eggers@gmail.com
AB133,jaime.lowrance@lowrance.org
BC232,mabel_elmquist@elmquist.com
AB333,marnie.purslow@purslow.com
AB297,merri.geberth@geberth.com
AB239,paulina_arand@cox.net
BC140,mstorrs@cox.net
BC057,harley@cox.net
AB241,paris@gmail.com
BC014,hollis.stanfield@aol.com
BC096,dona@hotmail.com
BC153,zlannigan@aol.com
